﻿<LinkSources version="1.02">
  <page ID="313F3BF5-B1D0-44EF-9A50-D60DC02AF3CA">
    <linkSource sourcePageID="F8FF38F5-E67C-4FB9-844B-58ADD4621A81" comID="8F3235B3-B3E4-445A-9271-B317D48188B3" comLinkType="cltPageLink"/>
    <linkSource sourcePageID="313F3BF5-B1D0-44EF-9A50-D60DC02AF3CA" comID="8EB0B236-CF24-4596-9426-45F359ED1AED" comLinkType="cltPageLink"/>
    <linkSource sourcePageID="F8FF38F5-E67C-4FB9-844B-58ADD4621A81" comID="5045CF3C-ABD0-4016-A1DA-5CA0ABBFA280" comLinkType="cltPageLink"/>
    <linkSource sourcePageID="313F3BF5-B1D0-44EF-9A50-D60DC02AF3CA" comID="F239E99D-F6EB-450B-97A6-9421E76DB649" comLinkType="cltPageLink"/>
    <linkSource sourcePageID="F8FF38F5-E67C-4FB9-844B-58ADD4621A81" comID="D86BC62D-ECEE-4CD2-AE82-087DF867C00F" comLinkType="cltPageLink"/>
    <linkSource sourcePageID="313F3BF5-B1D0-44EF-9A50-D60DC02AF3CA" comID="B756F0BB-95EF-438D-8B8E-96449E3C1A91" comLinkType="cltPageLink"/>
    <linkSource sourcePageID="F8FF38F5-E67C-4FB9-844B-58ADD4621A81" comID="26BA0E71-D87E-4267-84A1-4CC527B41A95" comLinkType="cltPageLink"/>
    <linkSource sourcePageID="313F3BF5-B1D0-44EF-9A50-D60DC02AF3CA" comID="977536B9-5268-4104-B220-15A5A3429737" comLinkType="cltPageLink"/>
    <linkSource sourcePageID="F8FF38F5-E67C-4FB9-844B-58ADD4621A81" comID="C1930FA3-91CA-4983-B74B-4D3CD49879DF" comLinkType="cltPageLink"/>
    <linkSource sourcePageID="313F3BF5-B1D0-44EF-9A50-D60DC02AF3CA" comID="8BCFD9DC-5FF3-4BE1-9A74-088E857E090D" comLinkType="cltPageLink"/>
    <linkSource sourcePageID="F8FF38F5-E67C-4FB9-844B-58ADD4621A81" comID="F007B966-E69F-428C-8F37-4FAE9846DE67" comLinkType="cltPageLink"/>
    <linkSource sourcePageID="313F3BF5-B1D0-44EF-9A50-D60DC02AF3CA" comID="5E2DD21D-2243-427A-AEDE-C6B977AFD35F" comLinkType="cltPageLink"/>
    <linkSource sourcePageID="F8FF38F5-E67C-4FB9-844B-58ADD4621A81" comID="F822FCF1-8B8C-41B3-A503-A021686ED6C7" comLinkType="cltPageLink"/>
    <linkSource sourcePageID="313F3BF5-B1D0-44EF-9A50-D60DC02AF3CA" comID="7F6902AD-A026-470C-B7E0-8754E36B6624" comLinkType="cltPageLink"/>
    <linkSource sourcePageID="F8FF38F5-E67C-4FB9-844B-58ADD4621A81" comID="EFE6D776-ADA4-4896-AE1B-E4CD2D90A57B" comLinkType="cltPageLink"/>
    <linkSource sourcePageID="313F3BF5-B1D0-44EF-9A50-D60DC02AF3CA" comID="0E8713EB-3C0F-4327-8100-F1CB6B7221C9" comLinkType="cltPageLink"/>
    <linkSource sourcePageID="F8FF38F5-E67C-4FB9-844B-58ADD4621A81" comID="2997C61F-D2F7-4477-9441-201857328759" comLinkType="cltPageLink"/>
    <linkSource sourcePageID="313F3BF5-B1D0-44EF-9A50-D60DC02AF3CA" comID="B11EF2F5-6533-4A70-B7B2-27F8C3EF9B37" comLinkType="cltPageLink"/>
    <linkSource sourcePageID="F8FF38F5-E67C-4FB9-844B-58ADD4621A81" comID="9A4BE468-5BDA-4F2F-858E-DD4A6AADAC80" comLinkType="cltPageLink"/>
    <linkSource sourcePageID="F8FF38F5-E67C-4FB9-844B-58ADD4621A81" comID="FB03E796-C414-4CD5-B7A1-8A0AE44895E5" comLinkType="cltPageLink"/>
    <linkSource sourcePageID="F8FF38F5-E67C-4FB9-844B-58ADD4621A81" comID="E10B2C99-DCF8-4C16-BEE5-B5BC8E28D724" comLinkType="cltPageLink"/>
  </page>
</LinkSources>