﻿<mockup version="5.3" minAllowVersion="5.3" ID="D8B24ADE-4235-4C75-8176-7D4DFB27B54F" platform="MtWeb" defaultW="1100" defaultH="6000" measureW="1100" measureH="6000" mobileScreenScale="0">
  <controls controlCount="4">
    <control controlID="11736CB4-26A3-4D2D-A914-F80A0522DED8" controlTypeID="Panel" x="237" y="323" w="300" h="33" zOrder="0">
      <groupChildrenDescriptors>
        <control controlID="854E4637-8511-4D68-91E5-B670A02AAA78" controlTypeID="Border" x="0" y="0" w="300" h="33" zOrder="0">
          <alias>borderLayer</alias>
        </control>
      </groupChildrenDescriptors>
      <thinkness>1</thinkness>
    </control>
    <control controlID="0264F7A9-7D4D-4F1D-B735-57155E72A539" controlTypeID="Table" x="237" y="366" w="540" h="90" zOrder="1">
      <font family="Segoe+UI" displayName="Segoe+UI" postScript="" weightStyle="Regular" weight="400" isBold="False" isItalic="False"/>
      <text>Last+Name%09First+Name%09Column+3%09%09%09%09%09%09</text>
      <textSize>14</textSize>
      <textAlign>HaCenter</textAlign>
      <lineSpacing>0</lineSpacing>
      <thickness>1</thickness>
      <dashMode>SdSolid</dashMode>
      <tableStyle>tsNone</tableStyle>
      <fontFamily/>
      <fontWeight>Regular</fontWeight>
      <textStyles>[]</textStyles>
      <cells>
        <cell rows="0,0" cols="0,0">
          <fontFamily>Segoe+UI</fontFamily>
          <fontWeight>Regular</fontWeight>
          <textStyles>[]</textStyles>
          <text>Last+Name</text>
          <textHeight>28</textHeight>
          <font family="Segoe+UI" displayName="Segoe+UI" postScript="" weightStyle="Regular" weight="400" isBold="False" isItalic="False"/>
        </cell>
        <cell rows="0,0" cols="1,1">
          <fontFamily>Segoe+UI</fontFamily>
          <fontWeight>Regular</fontWeight>
          <textStyles>[]</textStyles>
          <text>First+Name</text>
          <textHeight>28</textHeight>
          <font family="Segoe+UI" displayName="Segoe+UI" postScript="" weightStyle="Regular" weight="400" isBold="False" isItalic="False"/>
        </cell>
        <cell rows="0,0" cols="2,2">
          <fontFamily>Segoe+UI</fontFamily>
          <fontWeight>Regular</fontWeight>
          <textStyles>[]</textStyles>
          <text>Column+3</text>
          <textHeight>28</textHeight>
          <font family="Segoe+UI" displayName="Segoe+UI" postScript="" weightStyle="Regular" weight="400" isBold="False" isItalic="False"/>
        </cell>
        <cell rows="1,1" cols="0,0">
          <fontFamily>Segoe+UI</fontFamily>
          <fontWeight>Regular</fontWeight>
          <textStyles>[]</textStyles>
          <textHeight>12</textHeight>
          <font family="Segoe+UI" displayName="Segoe+UI" postScript="" weightStyle="Regular" weight="400" isBold="False" isItalic="False"/>
        </cell>
        <cell rows="1,1" cols="1,1">
          <fontFamily>Segoe+UI</fontFamily>
          <fontWeight>Regular</fontWeight>
          <textStyles>[]</textStyles>
          <textHeight>12</textHeight>
          <font family="Segoe+UI" displayName="Segoe+UI" postScript="" weightStyle="Regular" weight="400" isBold="False" isItalic="False"/>
        </cell>
        <cell rows="1,1" cols="2,2">
          <fontFamily>Segoe+UI</fontFamily>
          <fontWeight>Regular</fontWeight>
          <textStyles>[]</textStyles>
          <textHeight>12</textHeight>
          <font family="Segoe+UI" displayName="Segoe+UI" postScript="" weightStyle="Regular" weight="400" isBold="False" isItalic="False"/>
        </cell>
        <cell rows="2,2" cols="0,0">
          <fontFamily>Segoe+UI</fontFamily>
          <fontWeight>Regular</fontWeight>
          <textStyles>[]</textStyles>
          <textHeight>12</textHeight>
          <font family="Segoe+UI" displayName="Segoe+UI" postScript="" weightStyle="Regular" weight="400" isBold="False" isItalic="False"/>
        </cell>
        <cell rows="2,2" cols="1,1">
          <fontFamily>Segoe+UI</fontFamily>
          <fontWeight>Regular</fontWeight>
          <textStyles>[]</textStyles>
          <textHeight>12</textHeight>
          <font family="Segoe+UI" displayName="Segoe+UI" postScript="" weightStyle="Regular" weight="400" isBold="False" isItalic="False"/>
        </cell>
        <cell rows="2,2" cols="2,2">
          <fontFamily>Segoe+UI</fontFamily>
          <fontWeight>Regular</fontWeight>
          <textStyles>[]</textStyles>
          <textHeight>12</textHeight>
          <font family="Segoe+UI" displayName="Segoe+UI" postScript="" weightStyle="Regular" weight="400" isBold="False" isItalic="False"/>
        </cell>
      </cells>
      <rows>
        <row height="30">
          <fontFamily/>
          <fontWeight>Regular</fontWeight>
          <textStyles>[]</textStyles>
          <isAutoRowHeight>True</isAutoRowHeight>
        </row>
        <row height="30">
          <fontFamily/>
          <fontWeight>Regular</fontWeight>
          <textStyles>[]</textStyles>
          <isAutoRowHeight>True</isAutoRowHeight>
        </row>
        <row height="30">
          <fontFamily/>
          <fontWeight>Regular</fontWeight>
          <textStyles>[]</textStyles>
          <isAutoRowHeight>True</isAutoRowHeight>
        </row>
      </rows>
      <cols>
        <col width="180">
          <fontFamily/>
          <fontWeight>Regular</fontWeight>
          <textStyles>[]</textStyles>
        </col>
        <col width="180">
          <fontFamily/>
          <fontWeight>Regular</fontWeight>
          <textStyles>[]</textStyles>
        </col>
        <col width="180">
          <fontFamily/>
          <fontWeight>Regular</fontWeight>
          <textStyles>[]</textStyles>
        </col>
      </cols>
    </control>
    <control controlID="C29CBC00-A5CF-4401-B4CC-1DD375FB7889" controlTypeID="Button" x="542" y="328" w="70" h="28" zOrder="2">
      <font family="Segoe+UI" displayName="Segoe+UI" postScript="" weightStyle="Regular" weight="400" isBold="False" isItalic="False"/>
      <text>OK</text>
      <lineSpacing>0</lineSpacing>
      <selectedIndex>-1</selectedIndex>
      <radius>4</radius>
    </control>
  </controls>
  <param>
    <backgroundColor>4294967295</backgroundColor>
    <fontSize>0</fontSize>
    <fontFamily/>
    <guideLines/>
  </param>
</mockup>