﻿<mockup version="5.3" minAllowVersion="5.3" ID="F8FF38F5-E67C-4FB9-844B-58ADD4621A81" platform="MtWeb" defaultW="1100" defaultH="6000" measureW="1100" measureH="6000" mobileScreenScale="0">
  <controls controlCount="13">
    <control controlID="3473411B-21F5-44FB-91DA-C2827DEBF356" controlTypeID="Master" x="114" y="108" w="475" h="48" zOrder="0" masterID="F6A29490-B106-41E0-8465-7ACFFC57492A">
      <groupChildrenDescriptors>
        <control controlID="9A4BE468-5BDA-4F2F-858E-DD4A6AADAC80" controlTypeID="MenuBar" x="0" y="0" w="475" h="48" zOrder="0">
          <links eventType="AtClick" animate="AmNone" animateAutoDelay="0" animateDuration="500">
            <link targetPageID="" linkType="ltPageLink" isApplyIncludePage="False" title="Customers">
              <area shape="0" alt="" ID="{FC1D6BBC-75F7-4B96-901E-594D45504A64}" coords="(0,0,96,48)"/>
            </link>
            <link targetPageID="313F3BF5-B1D0-44EF-9A50-D60DC02AF3CA" linkType="ltPageLink" isApplyIncludePage="False" title="+Jobs">
              <area shape="0" alt="" ID="{4BBF6E55-B289-4A0A-8C9F-5AA9262151CA}" coords="(96,0,157,48)"/>
            </link>
            <link targetPageID="" linkType="ltPageLink" isApplyIncludePage="False" title="+Parts">
              <area shape="0" alt="" ID="{DEAD4409-2F56-4BFA-B69D-75ED94043ECE}" coords="(157,0,221,48)"/>
            </link>
            <link targetPageID="" linkType="ltPageLink" isApplyIncludePage="False" title="+Hours">
              <area shape="0" alt="" ID="{8F0E4396-6048-4FAC-84A7-11ABC5DB7E39}" coords="(221,0,292,48)"/>
            </link>
            <link targetPageID="" linkType="ltPageLink" isApplyIncludePage="False" title="+Staff">
              <area shape="0" alt="" ID="{DF35B252-FD68-492A-8C78-EBD3A3784104}" coords="(292,0,354,48)"/>
            </link>
            <link targetPageID="" linkType="ltPageLink" isApplyIncludePage="False" title="+Tools">
              <area shape="0" alt="" ID="{A18D041F-8EE4-4F79-AA1B-B92685B5172A}" coords="(354,0,419,48)"/>
            </link>
          </links>
          <font family="Segoe+UI" displayName="Segoe+UI" postScript="" weightStyle="Regular" weight="400" isBold="False" isItalic="False"/>
          <text>Customers%2C+Jobs%2C+Parts%2C+Hours%2C+Staff%2C+Tools</text>
          <textSize>14</textSize>
          <lineSpacing>0</lineSpacing>
        </control>
      </groupChildrenDescriptors>
    </control>
    <control controlID="1739F62C-B0D7-45B1-BE9B-37EC6201D297" controlTypeID="DataGrid" x="114" y="191" w="798" h="200" zOrder="1">
      <font family="Segoe+UI" displayName="Segoe+UI" postScript="" weightStyle="Regular" weight="400" isBold="False" isItalic="False"/>
      <text>Name+%5E%2C+Address+%5Ev%2C+Email+v%2C+Phone%0D%0AJohn+Smith%2C+101+main+street%2C+email@email.com%2C+303-123-1234%0D%0AAlexsa+Black%2C+101+main+street%2C+email@email.com%2C+303-123-1234%0D%0ATim+Degner%2C+101+main+street%2C+email@email.com%2C+303-123-1234%0D%0AEric+Hoffman%2C+101+main+street%2C+email@email.com%2C+303-123-1234%0D%0ATim+Boelaars%2C+101+main+street%2C+email@email.com%2C+303-123-1234%0D%0A%7B2%2C4R%2C4R%2C2C%7D</text>
      <textSize>14</textSize>
      <lineSpacing>0</lineSpacing>
      <columnRatio>{16.7,33.3,33.3,16.7}</columnRatio>
      <itemRect>[{"left":0,"top":0,"right":798,"bottom":22},{"left":0,"top":22,"right":798,"bottom":47},{"left":0,"top":47,"right":798,"bottom":72},{"left":0,"top":72,"right":798,"bottom":97},{"left":0,"top":97,"right":798,"bottom":122},{"left":0,"top":122,"right":798,"bottom":147}]</itemRect>
    </control>
    <control controlID="31B52781-312D-4019-A618-89A189065C5A" controlTypeID="Search" x="114" y="167" w="123" h="24" zOrder="2">
      <font family="Segoe+UI" displayName="Segoe+UI" postScript="" weightStyle="Regular" weight="400" isBold="False" isItalic="False"/>
      <textSize>14</textSize>
      <textVAlign>VaTop</textVAlign>
      <lineSpacing>0</lineSpacing>
      <selectedIndex>-1</selectedIndex>
    </control>
    <control controlID="27ABA827-CD39-4993-BD5A-60DF7D50AFB2" controlTypeID="Label" x="114" y="427" w="237" h="19" zOrder="3">
      <font family="Segoe+UI" displayName="Segoe+UI+Bold" postScript="" weightStyle="Bold" weight="700" isBold="True" isItalic="False"/>
      <text>Active+Customers+in+past+seven+days</text>
      <lineSpacing>0</lineSpacing>
      <textStyles>[fsBold]</textStyles>
      <selectedIndex>-1</selectedIndex>
    </control>
    <control controlID="DE4E700C-7ED8-480A-ABEC-BE1D3CDB9D7D" controlTypeID="Label" x="114" y="694" w="220" h="19" zOrder="4">
      <font family="Segoe+UI" displayName="Segoe+UI+Bold" postScript="" weightStyle="Bold" weight="700" isBold="True" isItalic="False"/>
      <text>Idle+Customers+in+past+seven+days</text>
      <lineSpacing>0</lineSpacing>
      <textStyles>[fsBold]</textStyles>
      <selectedIndex>-1</selectedIndex>
    </control>
    <control controlID="CD3898EF-60C1-42BC-BF70-16415E9B60B7" controlTypeID="DataGrid" x="114" y="456" w="400" h="200" zOrder="5">
      <font family="Segoe+UI" displayName="Segoe+UI" postScript="" weightStyle="Regular" weight="400" isBold="False" isItalic="False"/>
      <text>Name+%5E%2C+Hours+%5Ev%0D%0ACust1%2C+10%0D%0ACust2%2C+30%0D%0ACust3%2C+40%0D%0A</text>
      <textSize>14</textSize>
      <lineSpacing>0</lineSpacing>
      <columnRatio>{47,53}</columnRatio>
      <itemRect>[{"left":0,"top":0,"right":400,"bottom":22},{"left":0,"top":22,"right":400,"bottom":47},{"left":0,"top":47,"right":400,"bottom":72},{"left":0,"top":72,"right":400,"bottom":97}]</itemRect>
    </control>
    <control controlID="CD70405F-F8EE-46D2-ADB1-F73CAB990835" controlTypeID="DataGrid" x="114" y="723" w="400" h="200" zOrder="6">
      <font family="Segoe+UI" displayName="Segoe+UI" postScript="" weightStyle="Regular" weight="400" isBold="False" isItalic="False"/>
      <text>Name+%5E%2C+Last+Date+Worked%2C+Reason%0D%0ACust10%2C+1%2F1%2F2018%2C+Waiting+for+Payment%0D%0ACust11%2C+1%2F1%2F2018%2C+Waiting+for+Payment%0D%0ACust12%2C+1%2F1%2F2018%2C+Waiting+for+Payment%0D%0ACust13%2C+1%2F1%2F2018%2C+Waiting+for+Payment%0D%0ACust14%2C+1%2F1%2F2018%2C+Waiting+for+Payment%0D%0A</text>
      <textSize>14</textSize>
      <lineSpacing>0</lineSpacing>
      <columnRatio>{19,37.8,43}</columnRatio>
      <itemRect>[{"left":0,"top":0,"right":400,"bottom":22},{"left":0,"top":22,"right":400,"bottom":47},{"left":0,"top":47,"right":400,"bottom":72},{"left":0,"top":72,"right":400,"bottom":97},{"left":0,"top":97,"right":400,"bottom":122},{"left":0,"top":122,"right":400,"bottom":147}]</itemRect>
    </control>
    <control controlID="E3CB5CFF-B342-47DC-AF83-5A58B288B25F" controlTypeID="PageControlEx" x="712" y="391" w="200" h="40" zOrder="7"/>
    <control controlID="B580AC2A-2DDA-46BD-A983-A3C3524295FE" controlTypeID="PageControlEx" x="314" y="654" w="200" h="40" zOrder="8"/>
    <control controlID="6A94C67D-8405-4515-97F8-9B610C636B9B" controlTypeID="PageControlEx" x="314" y="923" w="200" h="40" zOrder="9"/>
    <control controlID="FAB022CE-EDD0-416A-80CD-2B8C21837D77" controlTypeID="ColumnChartEx" x="582" y="461" w="190" h="190" zOrder="10">
      <font family="Segoe+UI" displayName="Segoe+UI" postScript="" weightStyle="Regular" weight="400" isBold="False" isItalic="False"/>
      <text>40%2Corange%0D%0A70%2Ccyan%0D%0A100%2Cpink%0D%0A60%2C%23FFCE55</text>
      <textSize>14</textSize>
      <lineSpacing>0</lineSpacing>
    </control>
    <control controlID="CA40D697-F34E-4452-BF77-8D1163E2B609" controlTypeID="Label" x="582" y="661" w="167" h="19" zOrder="11">
      <font family="Segoe+UI" displayName="Segoe+UI+Bold" postScript="" weightStyle="Bold" weight="700" isBold="True" isItalic="False"/>
      <text>Billable+hours+past+7+days</text>
      <lineSpacing>0</lineSpacing>
      <textStyles>[fsBold]</textStyles>
      <selectedIndex>-1</selectedIndex>
    </control>
  </controls>
  <param>
    <backgroundColor>4294967295</backgroundColor>
    <fontSize>0</fontSize>
    <fontFamily/>
    <guideLines/>
  </param>
</mockup>