﻿<project version="2.9" name="Project" ID="8F5DAA79-C4EC-4AF3-98A1-28A970400942">
  <params>
    <pageParam version="5.3" minAllowVersion="5.3"/>
    <projectParam version="2.9" minAllowVersion="2.9" platform="MtWeb" pageSize="(1100,6000)" backgroundColor="4294967295" fontSize="0" fontFamily="" projectType="ptPersonalProject" isShowTitleIndex="False"/>
    <previewParam version="1.0"/>
    <colorParam version="1.0"/>
  </params>
  <pages>
    <page name="Customers" ID="F8FF38F5-E67C-4FB9-844B-58ADD4621A81" expanded="True" code="B5n8ET8TPe" thumbCode="B5n8ET8TPe" isLastOpen="True" status="psWhite" isfolder="False" isshownode="True"/>
    <page name="Jobs" ID="313F3BF5-B1D0-44EF-9A50-D60DC02AF3CA" expanded="True" code="Ya4LyY2Ns6" thumbCode="Ya4LyY2Ns6" status="psWhite" isfolder="False" isshownode="True">
      <images>
        <image key="415789B6BA67B22AC92ACBB5E4CDB25D.png"/>
      </images>
    </page>
  </pages>
  <trash>
    <page name="Home" ID="D8B24ADE-4235-4C75-8176-7D4DFB27B54F" expanded="True" code="ZSXNj6Fj37" thumbCode="pqMFQgqE6k" isLastOpen="True" status="psWhite" isfolder="False" isshownode="True"/>
  </trash>
  <deletes/>
  <masters>
    <master name="Master" ID="F6A29490-B106-41E0-8465-7ACFFC57492A" code="6224xla9YQ" status="psWhite" createDate="2018-12-23 17:49:54">
      <refPages>
        <page ID="F8FF38F5-E67C-4FB9-844B-58ADD4621A81" refCount="1"/>
      </refPages>
    </master>
  </masters>
  <images>
    <image key="415789B6BA67B22AC92ACBB5E4CDB25D.png"/>
  </images>
</project>