﻿<master version="5.3" minAllowVersion="5.3" ID="F6A29490-B106-41E0-8465-7ACFFC57492A">
  <controls>
    <control controlID="3473411B-21F5-44FB-91DA-C2827DEBF356" controlTypeID="Master" x="114" y="108" w="475" h="48" zOrder="0" masterID="F6A29490-B106-41E0-8465-7ACFFC57492A">
      <groupChildrenDescriptors>
        <control controlID="2997C61F-D2F7-4477-9441-201857328759" controlTypeID="MenuBar" x="0" y="0" w="475" h="48" zOrder="0">
          <links eventType="AtClick" animate="AmNone" animateAutoDelay="0" animateDuration="500">
            <link targetPageID="" linkType="ltPageLink" isApplyIncludePage="False" title="Customers">
              <area shape="0" alt="" ID="{FC1D6BBC-75F7-4B96-901E-594D45504A64}" coords="(0,0,96,48)"/>
            </link>
            <link targetPageID="313F3BF5-B1D0-44EF-9A50-D60DC02AF3CA" linkType="ltPageLink" isApplyIncludePage="False" title="+Jobs">
              <area shape="0" alt="" ID="{4BBF6E55-B289-4A0A-8C9F-5AA9262151CA}" coords="(96,0,157,48)"/>
            </link>
            <link targetPageID="" linkType="ltPageLink" isApplyIncludePage="False" title="+Parts">
              <area shape="0" alt="" ID="{DEAD4409-2F56-4BFA-B69D-75ED94043ECE}" coords="(157,0,221,48)"/>
            </link>
            <link targetPageID="" linkType="ltPageLink" isApplyIncludePage="False" title="+Hours">
              <area shape="0" alt="" ID="{8F0E4396-6048-4FAC-84A7-11ABC5DB7E39}" coords="(221,0,292,48)"/>
            </link>
            <link targetPageID="" linkType="ltPageLink" isApplyIncludePage="False" title="+Staff">
              <area shape="0" alt="" ID="{DF35B252-FD68-492A-8C78-EBD3A3784104}" coords="(292,0,354,48)"/>
            </link>
            <link targetPageID="" linkType="ltPageLink" isApplyIncludePage="False" title="+Tools">
              <area shape="0" alt="" ID="{A18D041F-8EE4-4F79-AA1B-B92685B5172A}" coords="(354,0,419,48)"/>
            </link>
          </links>
          <font family="Segoe+UI" displayName="Segoe+UI" postScript="" weightStyle="Regular" weight="400" isBold="False" isItalic="False"/>
          <text>Customers%2C+Jobs%2C+Parts%2C+Hours%2C+Staff%2C+Tools</text>
          <textSize>14</textSize>
          <lineSpacing>0</lineSpacing>
        </control>
      </groupChildrenDescriptors>
    </control>
  </controls>
</master>